<?xml version="1.0" encoding="UTF-8"?>
<Tagfield tag="006" xmlns="http://koha-community.org" xmlns:xsi="http://www.w3.org/2001/XMLSchema-instance" xsi:schemaLocation= "./marc21_field_CF.xsd">
  <Material id="BKS" name="Books" description="">
    <Position pos="00" name="Form of material" description="">
      <Value description="Language material">a</Value>
      <Value description="Manuscript language material">t</Value>
    </Position>
    <Position pos="01-04" name="Illustrations" description="Up to four (4) one-character alphabetic codes (recorded in alphabetical order) that indicate the presence of types of illustrations in the item. If fewer than four alphabetic codes are assigned, the codes are left justified and unused positions contain blanks (#)">
      <Value description="No illustrations">#</Value>
      <Value description="Illustrations">a</Value>
      <Value description="Maps">b</Value>
      <Value description="Portraits">c</Value>
      <Value description="Charts">d</Value>
      <Value description="Plans">e</Value>
      <Value description="Plates">f</Value>
      <Value description="Music">g</Value>
      <Value description="Facsimiles">h</Value>
      <Value description="Coats of arms">i</Value>
      <Value description="Genealogical tables">j</Value>
      <Value description="Forms">k</Value>
      <Value description="Samples">l</Value>
      <Value description="Phonodisc, phonowire, etc">m</Value>
      <Value description="Photographs">o</Value>
      <Value description="Illuminations">p</Value>
      <Value description="No attempt to code">|</Value>
    </Position>
    <Position pos="05" name="Target audience" description="One- character alphabetic code that describes the intellectual level of the target audience for which the material is intended">
      <Value description="Unknown or not specified">#</Value>
      <Value description="Preschool">a</Value>
      <Value description="Primary">b</Value>
      <Value description="Pre-adolescent">c</Value>
      <Value description="Adolescent">d</Value>
      <Value description="Adult">e</Value>
      <Value description="Specialized">f</Value>
      <Value description="General">g</Value>
      <Value description="Juvenile">j</Value>
      <Value description="No attempt to code">|</Value>
    </Position>
    <Position pos="06" name="Form of item" description="One character alphabetic code that specifies the form of material for the item">
      <Value description="None of the following">#</Value>
      <Value description="Microfilm">a</Value>
      <Value description="Microfiche">b</Value>
      <Value description="Microopaque">c</Value>
      <Value description="Large print">d</Value>
      <Value description="Braille">f</Value>
      <Value description="Online">o</Value>
      <Value description="Direct electronic">q</Value>
      <Value description="Regular print reproduction">r</Value>
      <Value description="Electronic">s</Value>
      <Value description="No attempt to code">|</Value>
    </Position>
    <Position pos="07-10" name="Nature of contents" description="Up to four one-character codes that indicate whether a significant part of the item is or contains certain types of material. If fewer than four codes are assigned, the codes are left justified and unused positions contain blanks (#)">
      <Value description="No specified nature of contents">#</Value>
      <Value description="Offprints.Publication that originally was published as an article in a monograph or a serial and that is also issued separately and independently. Includes prepints and postprints">2</Value>
      <Value description="Calendars">5</Value>
      <Value description="Comics/graphic novels">6</Value>
      <Value description="Abstracts/summaries. Abstracts or summaries of other publications. Not used when a publication includes an abstract or summary of its own content.">a</Value>
      <Value description="Bibliographies">b</Value>
      <Value description="Catalogs">c</Value>
      <Value description="Dictionaries. Also used for a glossary or a gazetteer.">d</Value>
      <Value description="Encyclopedias">e</Value>
      <Value description="Handbooks">f</Value>
      <Value description="Legal articles">g</Value>
      <Value description="Indexes. Index to bibliographical material other than itself. Not used when a publication contains an index to its own content.">i</Value>
      <Value description="Patent document">j</Value>
      <Value description="Discographies">k</Value>
      <Value description="Legislation. Full or partial text of enactments of legislative bodies, published either in statute or in code form, or text of rules and regulations issued by executive or adminitrative agencies.">l</Value>
      <Value description="Theses. Thesis, dissertation, or work identified as having been created to satisfy the requirements for an academic certification or degree.">m</Value>
      <Value description="Surveys of literature in a subject area. Composed entirely of authored surveys that summarize what has been published about a subject.">n</Value>
      <Value description="Reviews. Devoted entirely to critical reviews of published or performed works (e.g., books, films, sound recordings, theater)">o</Value>
      <Value description="Programmed texts">p</Value>
      <Value description="Filmographies. Entire item, or a significant part of it, is a filmography or other  bibliografy of moving images.">q</Value>
      <Value description="Directories">r</Value>
      <Value description="Statistics">s</Value>
      <Value description="Technical reports">t</Value>
      <Value description="Standars/specifications">u</Value>
      <Value description="Legal cases and case notes">v</Value>
      <Value description="Law reports and digests">w</Value>
      <Value description="Yearbooks">y</Value>
      <Value description="Treaties. Treaty or accord negotiated between two or more parties to settle a disagreement, establish a relationship, gran rights,etc.">z</Value>
      <Value description="No attempt to code">|</Value>
    </Position>
    <Position pos="11" name="Government publication" description="One-character code that indicates whether or not the item is published or produced by or for an international, national, state, provincial, or local government agency, or by any subdivision of such a body">
      <Value description="Not a government publication">#</Value>
      <Value description="Autonomous or semi-autonomous component">a</Value>
      <Value description="Multilocal">c</Value>
      <Value description="Federal / National">f</Value>
      <Value description="International intergovernmental">i</Value>
      <Value description="Local">l</Value>
      <Value description="Multistate">m</Value>
      <Value description="Government publication-level undetermined">o</Value>
      <Value description="State, provincial, territorial, dependent, etc.">s</Value>
      <Value description="Unknown if item is government publication">u</Value>
      <Value description="Other">z</Value>
      <Value description="No attempt to code">|</Value>
    </Position>
    <Position pos="12" name="Conference publication" description="One-character code that indicates whether the item consists of the proceedings, reports, or summaries of a conference.">
      <Value description="Not a conference publication">0</Value>
      <Value description="Conference">1</Value>
      <Value description="No attempt to code">|</Value>
    </Position>
    <Position pos="13" name="Festschrift" description="One-character code that indicates whether the item is a festschrift">
      <Value description="Not a festschrift">0</Value>
      <Value description="Festschrift">1</Value>
      <Value description="No attempt to code">|</Value>
    </Position>
    <Position pos="14" name="Index" description="One-character numeric code that indicates whether the item includes an index to its own contents">
      <Value description="No index">0</Value>
      <Value description="Index present">1</Value>
      <Value description="No attempt to code">|</Value>
    </Position>
    <Position pos="15" name="Undefined" description="Contains a blank (#) or a fill character (|)."/>
    <Position pos="16" name="Literary form" description="One-character code used to indicate the literary form of an item. Numeric codes 0 and 1 provide a generic identification of whether or not the item is a work of fiction. Alphabetic codes may be used to identify specific literary forms.">
      <Value description="Not fiction (not further specified)">0</Value>
      <Value description="Fiction (not further specified)">1</Value>
      <Value description="Dramas">d</Value>
      <Value description="Essays">e</Value>
      <Value description="Novels">f</Value>
      <Value description="Humor, satires, etc.">h</Value>
      <Value description="Letters. Single letter or collection of correspondence">i</Value>
      <Value description="Short stories. Short story or collection of short stories.">j</Value>
      <Value description="Mixed forms. Represents a variety of literary forms (e.g., poetry and short stories)">m</Value>
      <Value description="Poetry">p</Value>
      <Value description="Speeches">s</Value>
      <Value description="Unknown">u</Value>
      <Value description="No attempt to code">|</Value>
    </Position>
    <Position pos="17" name="Biography" description="One-character alphabetic code that indicates whether or not an item contains biographical material, and if so, what the biographical characteristics are.">
      <Value description="No biographical material">#</Value>
      <Value description="Autobiography">a</Value>
      <Value description="Individual biography">b</Value>
      <Value description="Collective biography">c</Value>
      <Value description="Contains biographical information">d</Value>
      <Value description="No attempt to code">|</Value>
    </Position>
  </Material>
  <Material id="CF" name="Computer Files" description="">
    <Position pos="00" name="Form of material" description="">
      <Value description="Computer file/ Electronic resource">m</Value>
    </Position>
    <Position pos="01-04" name="Undefined" description="Each one contains a blank (#) or a fill character (|)"/>
    <Position pos="05" name="Target audience" description="One- character alphabetic code that describes the intellectual level of the target audience for which the material is intended">
      <Value description="Unknown or not specified">#</Value>
      <Value description="Preschool">a</Value>
      <Value description="Primary">b</Value>
      <Value description="Pre-adolescent">c</Value>
      <Value description="Adolescent">d</Value>
      <Value description="Adult">e</Value>
      <Value description="Specialized">f</Value>
      <Value description="General">g</Value>
      <Value description="Juvenile">j</Value>
      <Value description="No attempt to code">|</Value>
    </Position>
    <Position pos="06" name="Form of item" description="One-character alphabetic code that specifies the form of material for the item">
      <Value description="Unknown or not specified">#</Value>
      <Value description="Online">o</Value>
      <Value description="Direct electronic">q</Value>
      <Value description="No attempt to code">|</Value>
    </Position>
    <Position pos="07-08" name="Undefined" description="Two undefined character positions; each contains a blank (#) or a fill character (|)."/>
    <Position pos="09" name="Type of computer file " description="One-character alphabetic code that indicates the type of computer file described in the bibliographic record">
      <Value description="Numeric data">a</Value>
      <Value description="Computer program">b</Value>
      <Value description="Representational. Pictorial or graphic information that can be manipulated in conjunction with other types of files to produce graphic patterns that can be used to interpret and give meaning to the information. Does not include a document in image format.">c</Value>
      <Value description="Document">d</Value>
      <Value description="Bibliographic data">e</Value>
      <Value description="Font">f</Value>
      <Value description="Game">g</Value>
      <Value description="Sound">h</Value>
      <Value description="Interactive multimedia">i</Value>
      <Value description="Online system or service">j</Value>
      <Value description="Combination">m</Value>
      <Value description="Unknown">u</Value>
      <Value description="Other">z</Value>
      <Value description="No attempt to code">|</Value>
    </Position>
    <Position pos="10" name="Undefined" description="One-character code that contains a blank (#) or a fill character (|)."/>
    <Position pos="11" name="Government publication" description="One-character code that indicates whether or not the item is published or produced by or for an international, national, state, provincial, or local government agency, or by any subdivision of such a body">
      <Value description="Not a government publication">#</Value>
      <Value description="Autonomous or semi-autonomous component">a</Value>
      <Value description="Multilocal">c</Value>
      <Value description="Federal / National">f</Value>
      <Value description="International intergovernmental">i</Value>
      <Value description="Local">l</Value>
      <Value description="Multistate">m</Value>
      <Value description="Government publication-level undetermined">o</Value>
      <Value description="State, provincial, territorial, dependent, etc.">s</Value>
      <Value description="Unknown if item is government publication">u</Value>
      <Value description="Other">z</Value>
      <Value description="No attempt to code">|</Value>
    </Position>
    <Position pos="12-18" name="Undefined" description="Six undefined character positions; each contains a blank (#) or a fill character (|)."/>
  </Material>
  <Material id="MP" name="Maps" description="">
    <Position pos="00" name="Form of material" description="">
      <Value description="Cartographic material">e</Value>
      <Value description="Manuscript cartographic material">f</Value>
    </Position>
    <Position pos="01-04" name="Relief" description="Up to four one-character alphabetic codes that indicate the relief type specified on the item. Codes are recorded in order of their importance to the described item. If fewer than four codes are assigned, the codes are left justified and each unused position contains a blank (#).">
      <Value description="No relief shown"># </Value>
      <Value description="Contours">a</Value>
      <Value description="Shading">b</Value>
      <Value description="Gradient and bathymetric tints">c</Value>
      <Value description="Hachures">d</Value>
      <Value description="Bathymetry/soundings">e</Value>
      <Value description="Form lines">f</Value>
      <Value description="Spot heights">g</Value>
      <Value description="Pictorially">i</Value>
      <Value description="Land forms">j</Value>
      <Value description="Bathymetry/ isolines">k</Value>
      <Value description="Rock drawings">m</Value>
      <Value description="Other">z</Value>
      <Value description="No attempt to code">||||</Value>
    </Position>
    <Position pos="05-06" name="Projection" description="Two-character alphabetic code that indicates the projection used in producing the item.">
      <Value description="Projection not specified">##</Value>
      <Value description="Aitoff ">aa</Value>
      <Value description="Gnomic">ab</Value>
      <Value description="Lambert's azimuthal equal area">ac</Value>
      <Value description="Orthographic">ad</Value>
      <Value description="Azimuthal equidistant">ae</Value>
      <Value description="Stereographic">af</Value>
      <Value description="General vertical near-sided">ag</Value>
      <Value description="Modified stereographic for Alaska">am</Value>
      <Value description="Chamberlin trimetric">an</Value>
      <Value description="Polar stereographic">ap</Value>
      <Value description="Azimuthal, specific type unknown">au</Value>
      <Value description="Azimutal, other">az</Value>
      <Value description="Gall ">ba</Value>
      <Value description="Goode's homolographic">bb</Value>
      <Value description="Lambert's cylindrical equal area">bc</Value>
      <Value description="Mercator">bd</Value>
      <Value description="Miller ">be</Value>
      <Value description="Mollweide ">bf</Value>
      <Value description="Sinusoidal ">bg</Value>
      <Value description="Transverse Mercator">bh</Value>
      <Value description="Gauss-Kruger ">bi</Value>
      <Value description="Equirectangular ">bj</Value>
      <Value description="Krovak">bk</Value>
      <Value description="Cassini-Soldner">bl</Value>
      <Value description="Oblique Mercator">bo</Value>
      <Value description="Robinson ">br</Value>
      <Value description="Space oblique Mercator">bs</Value>
      <Value description="Cylindrical, specific type unknown">bu</Value>
      <Value description="Cylindrical, other">bz</Value>
      <Value description="Albers equal area">ca</Value>
      <Value description="Bonne ">cb</Value>
      <Value description="Lambert's conformal conic">cc</Value>
      <Value description="Equidistant conic">ce</Value>
      <Value description="Polyconic">cp</Value>
      <Value description="Conic, specific type unknown">cu</Value>
      <Value description="Conic, other">cz</Value>
      <Value description="Armadillo ">da</Value>
      <Value description="Butterfly ">db</Value>
      <Value description="Eckert ">dc</Value>
      <Value description="Goode's homolosine">dd</Value>
      <Value description="Miller's bipolar oblique conformal conic">de</Value>
      <Value description="Van Der Grinten ">df</Value>
      <Value description="Dimaxión ">dg</Value>
      <Value description="Cordiform">dh</Value>
      <Value description="Lambert conformal ">dl</Value>
      <Value description="Other">zz</Value>
      <Value description="No attempt to code">|</Value>
    </Position>
    <Position pos="07" name="Undefined" description="Undefined; contains a blank (#) or a fill character (|)."/>
    <Position pos="08" name="Type of cartographic material" description="One-character alphabetic code that indicates the type of cartographic item described.">
      <Value description="Single map">a</Value>
      <Value description="Map Series. Number of related but physically separate and bibliographically distinct cartographic units intended by the producer(s) or issuing body(s) to form a single group.">b</Value>
      <Value description="Map serial. Issued in successive parts bearing numerical or chronological designations and intended to be continued indefinitely">c</Value>
      <Value description="Globe">d</Value>
      <Value description="Atlas ">e</Value>
      <Value description="Separate supplement to another work">f</Value>
      <Value description="Bound as part of another work">g</Value>
      <Value description="Unknown">u</Value>
      <Value description="Other">z</Value>
      <Value description="No attempt to code">|</Value>
    </Position>
    <Position pos="09-10" name="Undefined" description="Each contains a blank (#) or a fill character (|)"/>
    <Position pos="11" name="Government publication" description="One-character code that indicates whether or not the item is published or produced by or for an international, national, state, provincial, or local government agency, or by any subdivision of such a body">
      <Value description="Not a government publication">#</Value>
      <Value description="Autonomous or semi-autonomous component">a</Value>
      <Value description="Multilocal">c</Value>
      <Value description="Federal / National">f</Value>
      <Value description="International intergovernmental">i</Value>
      <Value description="Local">l</Value>
      <Value description="Multistate">m</Value>
      <Value description="Government publication-level undetermined">o</Value>
      <Value description="State, provincial, territorial, dependent, etc.">s</Value>
      <Value description="Unknown if item is government publication">u</Value>
      <Value description="Other">z</Value>
      <Value description="No attempt to code">|</Value>
    </Position>
    <Position pos="12" name="Form of item" description="One-character alphabetic code that indicates the form of material for the item.">
      <Value description="None of the following">#</Value>
      <Value description="Microfilm">a</Value>
      <Value description="Microfiche">b</Value>
      <Value description="Microopaque">c</Value>
      <Value description="Large print">d</Value>
      <Value description="Braille ">f</Value>
      <Value description="Online.  The resource is accessed by means of hardware and software connections to a communications network. If a distinction between types of electronic resources is not necessary, code s can be used as a generic code for any form of electronic resource.">o</Value>
      <Value description="Direct electronic. Storage on a directly accessible tangible recording medium, e.g. disc, tape, playaway device, flashdrive, portable hard drive, etc. If a distinction between types of electronic resources is not necessary, code s can be used as a generic code for any form of electronic resource.">q</Value>
      <Value description="Regular print reproduction">r</Value>
      <Value description="Electronic. Intended for manipulation by a computer. May reside in a carrier accessed either directly or remotely, in some cases requiring the use of peripheral devices attached to the computer (e.g., a CD-ROM player). Not used for items that do not require the use of a computer (e.g., music compact discs, videodiscs). This code can be used as a generic code for any form of electronic resource. Codes o and q may be used if there is a need to separately identify online and direct electronic resources.">s</Value>
      <Value description="No attempt to code">|</Value>
    </Position>
    <Position pos="13" name="Undefined" description="Contains a blank (#) or a fill character (|)."/>
    <Position pos="14" name="Index" description="One-character numeric code that indicates whether the item or accompanying material includes a location index or gazetteer.">
      <Value description="No index">0</Value>
      <Value description="Index present">1</Value>
      <Value description="No attempt to code">|</Value>
    </Position>
    <Position pos="15" name="Undefined" description="Contains a blank (#) or a fill character (|)."/>
    <Position pos="16-17" name="Special format characteristics" description="Up to two one-character alphabetic codes that indicate the special format characteristics of the map. Codes are recorded in order of their importance to the described item. If only one code is assigned, it is left justified and the unused position contains a blank (#).">
      <Value description="No specified special format characteristics">#</Value>
      <Value description="Manuscript">e</Value>
      <Value description="Picture card, post card">j</Value>
      <Value description="Calendar">k</Value>
      <Value description="Puzzle">l</Value>
      <Value description="Game">n</Value>
      <Value description="Wall map">o</Value>
      <Value description="Playing cards">p</Value>
      <Value description="Loose-leaf">r</Value>
      <Value description="Other">z</Value>
      <Value description="No attempt to code">|</Value>
    </Position>
  </Material>
  <Material id="MU" name="Music" description="">
    <Position pos="00" name="Form of material" description="">
      <Value description="Notated music">c</Value>
      <Value description="Manuscript notated music">d</Value>
      <Value description="Nonmusical sound recording">i</Value>
      <Value description="Musical sound recording">j</Value>
    </Position>
    <Position pos="01-02" name="Form of composition" description="">
      <Value description="Anthems">an</Value>
      <Value description="Ballads">bd</Value>
      <Value description="Bluegrass music">bg</Value>
      <Value description="Blues ">bl</Value>
      <Value description="Ballets ">bt</Value>
      <Value description="Chaconnes">ca</Value>
      <Value description="Chants, Other religions">cb</Value>
      <Value description="Chants, Christian">cc</Value>
      <Value description="Concerti grossi ">cg</Value>
      <Value description="Chorales">ch</Value>
      <Value description="Chorale preludes">cl</Value>
      <Value description="Canons and rounds">cn</Value>
      <Value description="Concertos">co</Value>
      <Value description="Chansons, polyphonic">cp</Value>
      <Value description="Carols">cr</Value>
      <Value description="Chance compositions">cs</Value>
      <Value description="Cantatas">ct</Value>
      <Value description="Country music">cy</Value>
      <Value description="Canzonas">cz</Value>
      <Value description="Dance forms">df</Value>
      <Value description="Divertimentos, serenades, cassations, divertissements, and notturni">dv</Value>
      <Value description="Fugues">fg</Value>
      <Value description="Flamenco">fl</Value>
      <Value description="Folk music">fm</Value>
      <Value description="Fantasias ">ft</Value>
      <Value description="Gospel music">gm</Value>
      <Value description="Hymns">hy</Value>
      <Value description="Jazz">jz</Value>
      <Value description="Musical revues and comedies">mc</Value>
      <Value description="Madrigals">md</Value>
      <Value description="Minuets ">mi</Value>
      <Value description="Motets">mo</Value>
      <Value description="Motion picture music">mp</Value>
      <Value description="Marches">mr</Value>
      <Value description="Masses">ms</Value>
      <Value description="Multiple forms">mu</Value>
      <Value description="Mazurkas">mz</Value>
      <Value description="Nocturnes">nc</Value>
      <Value description="Not applicable">nn</Value>
      <Value description="Operas">op</Value>
      <Value description="Oratorios ">or</Value>
      <Value description="Overtures">ov</Value>
      <Value description="Program music">pg</Value>
      <Value description="Passion music">pm</Value>
      <Value description="Polonaises">po</Value>
      <Value description="Popular music">pp</Value>
      <Value description="Preludes">pr</Value>
      <Value description="Passacaglias">ps</Value>
      <Value description="Part-songs">pt</Value>
      <Value description="Pavans">pv</Value>
      <Value description=" Rock music">rc</Value>
      <Value description="Rondos">rd</Value>
      <Value description="Ragtime music">rg</Value>
      <Value description="Ricercars ">ri</Value>
      <Value description="Rhapsodies">rp</Value>
      <Value description="Requiems ">rq</Value>
      <Value description="Square dance music">sd</Value>
      <Value description="Songs">sg</Value>
      <Value description="Sonatas ">sn</Value>
      <Value description="Symphonic poems">sp</Value>
      <Value description="Studies and exercises">st</Value>
      <Value description="Suites ">su</Value>
      <Value description="Symphonies">sy</Value>
      <Value description="Toccatas">tc</Value>
      <Value description="Teatro lirico">tl</Value>
      <Value description="Trio-sonatas">ts</Value>
      <Value description="Unknown">uu</Value>
      <Value description="Villacincos">vi</Value>
      <Value description="Variations">vr</Value>
      <Value description="Waltzers">wz</Value>
      <Value description="Zarzuelas">za</Value>
      <Value description="Other">zz</Value>
      <Value description="No attempt to code">||</Value>
    </Position>
    <Position pos="03" name="Format of music" description="One-character code that indicates the format of a musical composition (e.g., piano-conductor score).">
      <Value description="Full score">a</Value>
      <Value description="Full score, miniature or study size">b</Value>
      <Value description="Accompaniment reduced for keyboard">c</Value>
      <Value description="Voice score">d</Value>
      <Value description="Condensed score or piano-conductor score">e</Value>
      <Value description="Close score">g</Value>
      <Value description="Chorus score">h</Value>
      <Value description="Condensed score">i</Value>
      <Value description="Performer-conductor part">j</Value>
      <Value description="Multiple score formats">m</Value>
      <Value description="Not applicable">n</Value>
      <Value description="Unknown">u</Value>
      <Value description="Other">z</Value>
      <Value description="No attempt to code">|</Value>
    </Position>
    <Position pos="04" name="Music Parts" description="">
      <Value description="No parts in hand or not specified">#</Value>
      <Value description="Instrumental and vocal parts">d</Value>
      <Value description="Instrumental parts">e</Value>
      <Value description="Vocal parts">f</Value>
      <Value description="Not applicable">n</Value>
      <Value description="Unknown">u</Value>
      <Value description="No attempt to code">|</Value>
    </Position>
    <Position pos="05" name="Target audience" description="One- character alphabetic code that describes the intellectual level of the target audience for which the material is intended">
      <Value description="Unknown or not specified">#</Value>
      <Value description="Preschool">a</Value>
      <Value description="Primary">b</Value>
      <Value description="Pre-adolescent">c</Value>
      <Value description="Adolescent">d</Value>
      <Value description="Adult">e</Value>
      <Value description="Specialized">f</Value>
      <Value description="General">g</Value>
      <Value description="Juvenile">j</Value>
      <Value description="No attempt to code">|</Value>
    </Position>
    <Position pos="06" name="Form of item" description="One-character alphabetic code that indicates the form of material for the item.">
      <Value description="None of the following">#</Value>
      <Value description="Microfilm">a</Value>
      <Value description="Microfiche">b</Value>
      <Value description="Microopaque">c</Value>
      <Value description="Large print">d</Value>
      <Value description="Braille ">f</Value>
      <Value description="Online.  The resource is accessed by means of hardware and software connections to a communications network. If a distinction between types of electronic resources is not necessary, code s can be used as a generic code for any form of electronic resource.">o</Value>
      <Value description="Direct electronic. Storage on a directly accessible tangible recording medium, e.g. disc, tape, playaway device, flashdrive, portable hard drive, etc. If a distinction between types of electronic resources is not necessary, code s can be used as a generic code for any form of electronic resource.">q</Value>
      <Value description="Regular print reproduction">r</Value>
      <Value description="Electronic. Intended for manipulation by a computer. May reside in a carrier accessed either directly or remotely, in some cases requiring the use of peripheral devices attached to the computer (e.g., a CD-ROM player). Not used for items that do not require the use of a computer (e.g., music compact discs, videodiscs). This code can be used as a generic code for any form of electronic resource. Codes o and q may be used if there is a need to separately identify online and direct electronic resources.">s</Value>
      <Value description="No attempt to code">|</Value>
    </Position>
    <Position pos="07-12" name="Accompanying matter" description="Up to six one-character alphabetic codes (recorded in alphabetical order) that indicate the contents of program notes and other accompanying material for sound recording, music manuscripts, or notated music. If fewer than six codes are assigned, the codes are left justified and each unused position contains a blank (#).">
      <Value description="No accompanying matter">#</Value>
      <Value description="Discography">a</Value>
      <Value description="Bibliography">b</Value>
      <Value description="Thematic indez">c</Value>
      <Value description="Libretto or text">d</Value>
      <Value description="Bibliography of composer or autor">e</Value>
      <Value description="Biography of performer or history of ensemble">f</Value>
      <Value description="Technical and/or historical information on instruments">g</Value>
      <Value description="Technical information on music">h</Value>
      <Value description="Historical information">i</Value>
      <Value description="Ethnological information">k</Value>
      <Value description="Instrutional materials">r</Value>
      <Value description="Music">s</Value>
      <Value description="Other">z</Value>
      <Value description="No attempt to code">|</Value>
    </Position>
    <Position pos="13-14" name="Literary text for sound recordings " description="Up to two one-character codes (recorded in the order of the following list) that indicate the type of literary text contained in a nonmusical sound recording. If only one code is assigned, it is left justified and the unused position contains a blank (#).">
      <Value description="Item is a music sound recording">#</Value>
      <Value description="Autobiography">a</Value>
      <Value description="Biography">b</Value>
      <Value description="Conference proceedings">c</Value>
      <Value description="Drama ">d</Value>
      <Value description="Essays">e</Value>
      <Value description="Fiction">f</Value>
      <Value description="Reporting">g</Value>
      <Value description="History">h</Value>
      <Value description="Instruction">i</Value>
      <Value description="Language instruction">j</Value>
      <Value description="Comedy">k</Value>
      <Value description="Lectures, speeches">l</Value>
      <Value description="Memoirs">m</Value>
      <Value description="Not applicable">n</Value>
      <Value description="Folktales">o</Value>
      <Value description="Poetry">p</Value>
      <Value description="Rehearsals">r</Value>
      <Value description="Sounds">s</Value>
      <Value description="Interviews">t</Value>
      <Value description="Other">z</Value>
      <Value description="No attempt to code">|</Value>
    </Position>
    <Position pos="15" name="Undefined" description="Undefined; contains a blank (#) or a fill character (|)."/>
    <Position pos="16" name="Transposition and arrangement" description="Whether all or part of the item being cataloged is a transposition and/or arrangement of another work.">
      <Value description="Not arrangement or transposition or not specified">#</Value>
      <Value description="Transposition">a</Value>
      <Value description="Arragement">b</Value>
      <Value description="Both transposed and arranged">c</Value>
      <Value description="Not applicable">n</Value>
      <Value description="Unknown">u</Value>
      <Value description="No attempt to code">|</Value>
    </Position>
    <Position pos="17" name="Undefined" description="Undefined; contains a blank (#) or a fill character (|)."/>
  </Material>
  <Material id="CR" name="Continuing Resources" description="">
    <Position pos="00" name="Form of material" description="">
      <Value description="Serial / Integrating resource">s</Value>
    </Position>
    <Position pos="01" name="Frequency" description="One-character alphabetic code that indicates the frequency of an item; used in conjunction with 008/19 (Regularity).">
      <Value description="No determinable frequency">#</Value>
      <Value description="Annual">a</Value>
      <Value description="Bimonthly">b</Value>
      <Value description="Semiweekly">c</Value>
      <Value description="Daily">d</Value>
      <Value description="Biweekly">e</Value>
      <Value description="Semiannual">f</Value>
      <Value description="Biennial">g</Value>
      <Value description="Triennial">h</Value>
      <Value description="Three times a week">i</Value>
      <Value description="Three times a month">j</Value>
      <Value description="Continuously updated">k</Value>
      <Value description="Monthly">m</Value>
      <Value description="Quarterly">q</Value>
      <Value description="Semimonthly">s</Value>
      <Value description="Three times a year">t</Value>
      <Value description="Unknown">u</Value>
      <Value description="Weekly">w</Value>
      <Value description="Other">z</Value>
      <Value description="No attempt to code">|</Value>
    </Position>
    <Position pos="02" name="Regularity" description="One-character alphabetic code that indicates the intended regularity of an item; used in conjunction with 008/18 (Frequency).">
      <Value description="Normalized irregular">n</Value>
      <Value description="Regular ">r</Value>
      <Value description="Unknown">u</Value>
      <Value description="Completely irregular">x</Value>
      <Value description="No attempt to code">|</Value>
    </Position>
    <Position pos="03" name="Undefined" description="Undefined; contains a blank (#) or a fill character (|)."/>
    <Position pos="04" name="Type of continuing resource" description="One-character alphabetic code that indicates the type of continuing resource.">
      <Value description="None of the following">#</Value>
      <Value description="Updating database">d</Value>
      <Value description="Updating loose-leaf">l</Value>
      <Value description="Monographic series">m</Value>
      <Value description="Newspaper">n</Value>
      <Value description="Periodical">p</Value>
      <Value description="Updating web site">w</Value>
      <Value description="No attempt to code">|</Value>
    </Position>
    <Position pos="05" name="Form of original item" description="One-character alphabetic code that indicates the form of material in which an item was originally published.">
      <Value description="None of the following">#</Value>
      <Value description="Microfilm">a</Value>
      <Value description="Microfiche">b</Value>
      <Value description="Microopaque">c</Value>
      <Value description="Large print">d</Value>
      <Value description="Newspaper format">e</Value>
      <Value description="Braille ">f</Value>
      <Value description="Online.  The resource is accessed by means of hardware and software connections to a communications network. If a distinction between types of electronic resources is not necessary, code s can be used as a generic code for any form of electronic resource.">o</Value>
      <Value description="Direct electronic">q</Value>
      <Value description="Electronic. Intended for manipulation by a computer. May reside in a carrier accessed either directly or remotely, in some cases requiring the use of peripheral devices attached to the computer (e.g., a CD-ROM player). Not used for items that do not requi">s</Value>
      <Value description="No attempt to code">|</Value>
    </Position>
    <Position pos="06" name="Form of item" description="One-character alphabetic code that specifies the form of material for the item being described">
      <Value description="None of the following">#</Value>
      <Value description="Microfilm">a</Value>
      <Value description="Microfiche">b</Value>
      <Value description="Microopaque">c</Value>
      <Value description="Large print">d</Value>
      <Value description="Braille ">f</Value>
      <Value description="Online.  The resource is accessed by means of hardware and software connections to a communications network. If a distinction between types of electronic resources is not necessary, code s can be used as a generic code for any form of electronic resource.">o</Value>
      <Value description="Direct electronic">q</Value>
      <Value description="Regular print reproduction">r</Value>
      <Value description="Electronic. Intended for manipulation by a computer. May reside in a carrier accessed either directly or remotely, in some cases requiring the use of peripheral devices attached to the computer (e.g., a CD-ROM player). Not used for items that do not requi">s</Value>
      <Value description="No attempt to code">|</Value>
    </Position>
    <Position pos="07" name="Nature of entire work" description="">
      <Value description="Not specified">#</Value>
      <Value description="Calendars">5</Value>
      <Value description="Comics/graphic novels">6</Value>
      <Value description="Abstracts/ summaries">a</Value>
      <Value description="Bibliographies">b</Value>
      <Value description="Catalogs">c</Value>
      <Value description="Dictionaries. Also used for a glossary or a gazetteer.">d</Value>
      <Value description="Encyclopedias">e</Value>
      <Value description="Handbooks">f</Value>
      <Value description="Legal articles">g</Value>
      <Value description="Biography">h</Value>
      <Value description="Indexes. Index to bibliographical material other than itself. Not used when a publication contains an index to its own content.">i</Value>
      <Value description="Discographies">k</Value>
      <Value description="Legislation. Full or partial text of enactments of legislative bodies, published either in statute or in code form, or text of rules and regulations issued by executive or adminitrative agencies.">l</Value>
      <Value description="Theses">m</Value>
      <Value description="Survey of literature in a subject area">n</Value>
      <Value description="Reviews">o</Value>
      <Value description="Programmed texts">p</Value>
      <Value description="Filmographies">q</Value>
      <Value description="Directories">r</Value>
      <Value description="Statistics">s</Value>
      <Value description="Technical reports">t</Value>
      <Value description="Standards/ specifications">u</Value>
      <Value description="Legal cases and case notes">v</Value>
      <Value description="Law reports and digests">w</Value>
      <Value description="Yearbooks">y</Value>
      <Value description="Treaties">z</Value>
      <Value description="No attempt to code">|</Value>
    </Position>
    <Position pos="08-10" name="Nature of contents" description="">
      <Value description="Not specified">#</Value>
      <Value description="Calendars">5</Value>
      <Value description="Comics/graphic novels">6</Value>
      <Value description="Abstracts/ summaries">a</Value>
      <Value description="Bibliographies">b</Value>
      <Value description="Catalogs">c</Value>
      <Value description="Dictionaries. Also used for a glossary or a gazetteer.">d</Value>
      <Value description="Encyclopedias">e</Value>
      <Value description="Handbooks">f</Value>
      <Value description="Legal articles">g</Value>
      <Value description="Biography">h</Value>
      <Value description="Indexes. Index to bibliographical material other than itself. Not used when a publication contains an index to its own content.">i</Value>
      <Value description="Discographies">k</Value>
      <Value description="Legislation. Full or partial text of enactments of legislative bodies, published either in statute or in code form, or text of rules and regulations issued by executive or adminitrative agencies.">l</Value>
      <Value description="Theses">m</Value>
      <Value description="Survey of literature in a subject area">n</Value>
      <Value description="Reviews">o</Value>
      <Value description="Programmed texts">p</Value>
      <Value description="Filmographies">q</Value>
      <Value description="Directories">r</Value>
      <Value description="Statistics">s</Value>
      <Value description="Technical reports">t</Value>
      <Value description="Standars/specifications">u</Value>
      <Value description="Legal cases and case notes">v</Value>
      <Value description="Law reports and digests">w</Value>
      <Value description="Treaties">z</Value>
      <Value description="No attempt to code">|||</Value>
    </Position>
    <Position pos="11" name="Government publication" description="One-character code that indicates whether or not the item is published or produced by or for an international, national, state, provincial, or local government agency, or by any subdivision of such a body">
      <Value description="Not a government publication">#</Value>
      <Value description="Autonomous or semi-autonomous component">a</Value>
      <Value description="Multilocal">c</Value>
      <Value description="Federal / National">f</Value>
      <Value description="International intergovernmental">i</Value>
      <Value description="Local">l</Value>
      <Value description="Multistate">m</Value>
      <Value description="Government publication-level undetermined">o</Value>
      <Value description="State, provincial, territorial, dependent, etc.">s</Value>
      <Value description="Unknown if item is government publication">u</Value>
      <Value description="Other">z</Value>
      <Value description="No attempt to code">|</Value>
    </Position>
    <Position pos="12" name="Conference publication" description="One-character numeric code that indicates whether an item consists of the proceedings, reports, or summaries of a conference.">
      <Value description="Not a conference publication">0</Value>
      <Value description="Conference publication">1</Value>
      <Value description="No attempt to code">|</Value>
    </Position>
    <Position pos="13-15" name="Undefined" description="Undefined; each contains a blank (#) or a fill character (|)."/>
    <Position pos="16" name="Original alphabet or script of title" description="One-character alphabetic code that indicates the original alphabet or script of the language of the title on the source item upon which the key title (field 222) is based.">
      <Value description="No alphabet or script given / No key title">#</Value>
      <Value description="Basic Roman">a</Value>
      <Value description="Extended Roman">b</Value>
      <Value description="Cyrillic">c</Value>
      <Value description="Japanese">d</Value>
      <Value description="Chinese">e</Value>
      <Value description="Arabic">f</Value>
      <Value description="Greek">g</Value>
      <Value description="Hebrew">h</Value>
      <Value description="Thai ">i</Value>
      <Value description="Devanagari ">j</Value>
      <Value description="Korean">k</Value>
      <Value description="Tamil ">l</Value>
      <Value description="Unknown">u</Value>
      <Value description="Other">z</Value>
      <Value description="No attempt to code">|</Value>
    </Position>
    <Position pos="17" name="Entry convention" description="One-character numeric code that indicates whether the item was cataloged according to successive entry, latest entry, or integrated entry cataloging conventions.">
      <Value description="Succesive entry.New bibliographic record is created each time 1) a title changes, or 2) a corporate body used as main entry or uniform title qualifier, changes. The earlier or later title or author/title is recorded in a linking field (field 780/785) on each record.">0</Value>
      <Value description="Latest entry. Cataloged under its latest (most recent) title or issuing body (pre-AACR cataloging rules). All former titles and/or issuing bodies are given in notes (fields 247, 547, and 550).">1</Value>
      <Value description="Integrated entry. Cataloged under its latest (most recent) title and/or responsible person or corporate body. Used for integrating resources and electronic serials that do not retain their earlier titles.">2</Value>
      <Value description="No attempt to code">|</Value>
    </Position>
  </Material>
  <Material id="VM" name="Visual Materials" description="">
    <Position pos="00" name="Form of material" description="">
      <Value description="Projected medium">g</Value>
      <Value description="Two-dimensional nonprojectable graphic">k</Value>
      <Value description="Kit">o</Value>
      <Value description="Tree- dimensional artifact or naturally occurring object">r</Value>
    </Position>
    <Position pos="01-03" name="Running time for motion pictures and videorecordings " description="Three-digit number that indicates the total running time of the motion picture or videorecording. The number is right justified and each unused position contains a zero.">
      <Value description="Running time exceeds three characters">000</Value>
      <Value description="Running time">001-999</Value>
      <Value description="Not applicable">nnn</Value>
      <Value description="No attempt to code">|||</Value>
      <Value description="Unknown">                         --- </Value>
    </Position>
    <Position pos="04" name="Undefined" description="Undefined; contains a blank (#) or a fill character (|)."/>
    <Position pos="05" name="Target audience" description="One- character alphabetic code that describes the intellectual level of the target audience for which the material is intended">
      <Value description="Unknown or not specified">#</Value>
      <Value description="Preschool">a</Value>
      <Value description="Primary">b</Value>
      <Value description="Pre-adolescent">c</Value>
      <Value description="Adolescent">d</Value>
      <Value description="Adult">e</Value>
      <Value description="Specialized">f</Value>
      <Value description="General">g</Value>
      <Value description="Juvenile">j</Value>
      <Value description="No attempt to code">|</Value>
    </Position>
    <Position pos="06-10" name="Undefined" description="Undefined; each contains a blank (#) or a fill character (|)."/>
    <Position pos="11" name="Government publication" description="One-character code that indicates whether or not the item is published or produced by or for an international, national, state, provincial, or local government agency, or by any subdivision of such a body">
      <Value description="Not a government publication">#</Value>
      <Value description="Autonomous or semi-autonomous component">a</Value>
      <Value description="Multilocal">c</Value>
      <Value description="Federal / National">f</Value>
      <Value description="International intergovernmental">i</Value>
      <Value description="Local">l</Value>
      <Value description="Multistate">m</Value>
      <Value description="Government publication-level undetermined">o</Value>
      <Value description="State, provincial, territorial, dependent, etc.">s</Value>
      <Value description="Unknown if item is government publication">u</Value>
      <Value description="Other">z</Value>
      <Value description="No attempt to code">|</Value>
    </Position>
    <Position pos="12" name="Form of item" description="One-character alphabetic code that indicates the form of material for the item.">
      <Value description="None of the following">#</Value>
      <Value description="Microfilm">a</Value>
      <Value description="Microfiche">b</Value>
      <Value description="Microopaque">c</Value>
      <Value description="Large print">d</Value>
      <Value description="Braille ">f</Value>
      <Value description="Online.  The resource is accessed by means of hardware and software connections to a communications network. If a distinction between types of electronic resources is not necessary, code s can be used as a generic code for any form of electronic resource.">o</Value>
      <Value description="Direct electronic. Storage on a directly accessible tangible recording medium, e.g. disc, tape, playaway device, flashdrive, portable hard drive, etc. If a distinction between types of electronic resources is not necessary, code s can be used as a generic code for any form of electronic resource.">q</Value>
      <Value description="Regular print reproduction">r</Value>
      <Value description="Electronic. Intended for manipulation by a computer. May reside in a carrier accessed either directly or remotely, in some cases requiring the use of peripheral devices attached to the computer (e.g., a CD-ROM player). Not used for items that do not require the use of a computer (e.g., music compact discs, videodiscs). This code can be used as a generic code for any form of electronic resource. Codes o and q may be used if there is a need to separately identify online and direct electronic resources.">s</Value>
      <Value description="No attempt to code">|</Value>
    </Position>
    <Position pos="13-15" name="Undefined" description="Undefined; each contains a blank (#) or a fill character (|)."/>
    <Position pos="16" name="Type of visual material" description="One-character alphabetic code that indicates the type of visual material being described.">
      <Value description="Art original ">a</Value>
      <Value description="Kit.Mixture of components from two or more categories, that is, sound recording, maps, filmstrips, etc., no one of which is the predominant constituent of the item.">b</Value>
      <Value description="Art reproduction">c</Value>
      <Value description="Diorama ">d</Value>
      <Value description="Filmstrip">f</Value>
      <Value description="Game">g</Value>
      <Value description="Picture">i</Value>
      <Value description="Graphic">k</Value>
      <Value description="Technical drawing">l</Value>
      <Value description="Motion picture">m</Value>
      <Value description="Chart">n</Value>
      <Value description="Flash card">o</Value>
      <Value description="Microscope slide">p</Value>
      <Value description="Model">q</Value>
      <Value description="Realia ">r</Value>
      <Value description="Slide">s</Value>
      <Value description="Transparency">t</Value>
      <Value description="Videorecording">v</Value>
      <Value description="Toy">w</Value>
      <Value description="Other">z</Value>
      <Value description="No attempt to code">|</Value>
    </Position>
    <Position pos="17" name="Technique" description="One-character alphabetic code that indicates the technique used in creating motion in motion pictures or videorecordings.">
      <Value description="Animation">a</Value>
      <Value description="Animation and live action">c</Value>
      <Value description="Live action">l</Value>
      <Value description="Not applicable">n</Value>
      <Value description="Unknown">u</Value>
      <Value description="Other">z</Value>
      <Value description="No attempt to code">|</Value>
    </Position>
  </Material>
  <Material id="MX" name="Mixed Materials" description="">
    <Position pos="00" name="Form of material" description="">
      <Value description="Mixed material">p</Value>
    </Position>
    <Position pos="01-05" name="Undefined" description="Undefined; each contains a blank (#) or a fill character (|)."/>
    <Position pos="06" name="Form of item" description="One-character alphabetic code that specifies the form of material for the item being described">
      <Value description="None of the following">#</Value>
      <Value description="Microfilm">a</Value>
      <Value description="Microfiche">b</Value>
      <Value description="Microopaque">c</Value>
      <Value description="Large print">d</Value>
      <Value description="Braille ">f</Value>
      <Value description="Online.  The resource is accessed by means of hardware and software connections to a communications network. If a distinction between types of electronic resources is not necessary, code s can be used as a generic code for any form of electronic resource.">o</Value>
      <Value description="Direct electronic">q</Value>
      <Value description="Regular print reproduction">r</Value>
      <Value description="Electronic. Intended for manipulation by a computer. May reside in a carrier accessed either directly or remotely, in some cases requiring the use of peripheral devices attached to the computer (e.g., a CD-ROM player). Not used for items that do not requi">s</Value>
      <Value description="No attempt to code">|</Value>
    </Position>
    <Position pos="07-17" name="Undefined" description="Undefined; each contains a blank (#) or a fill character (|)."/>
  </Material>
</Tagfield>
